regime,rows,trades,hit_rate,avg_trade_return,strategy_factor
bear,2460,542,0.7601476014760148,0.007473190134426208,54.66416608352935
bull,2825,499,0.7855711422845691,0.00662880600522946,26.46651189751559
range,8918,1352,0.7892011834319527,0.006197286590715107,4030.1645943584567
unknown,720,145,0.8137931034482758,0.006062177080330718,2.3910535448623205
