{
  "verdict": "GO",
  "reasons": [],
  "device": "cpu",
  "threshold": 0.5,
  "total_cost_per_trade": 0.0012000000000000001,
  "train_rows": 59692,
  "holdout_rows": 14923,
  "n_features": 24,
  "data_config": {
    "atr_period": 21,
    "horizon_h": 3,
    "ma_windows": [
      8,
      24,
      96
    ],
    "mtf_intervals": [
      "4h"
    ],
    "ret_windows": [
      1,
      3,
      6,
      12,
      24
    ],
    "rsi_period": 7,
    "target_threshold": 0.0025,
    "vol_windows": [
      24,
      72
    ]
  },
  "model_config": {
    "colsample_bytree": 0.7,
    "gamma": 0.0,
    "learning_rate": 0.03,
    "max_depth": 3,
    "min_child_weight": 1,
    "n_estimators": 250,
    "subsample": 0.7
  },
  "holdout_metrics": {
    "rows": 14923,
    "total_trades": 2538,
    "trade_ratio": 0.17007304161361655,
    "hit_rate": 0.7836879432624113,
    "avg_trade_return": 0.006546883529063547,
    "median_trade_return": 0.005233215805909609,
    "profit_factor": 9.34106198758774,
    "strategy_factor": 13941564.758699317,
    "market_factor": 1.8351089093318864,
    "max_drawdown": 0.058263267896485726
  },
  "walk_forward_holdout_mean": {
    "rows": 4974.0,
    "total_trades": 860.6666666666666,
    "trade_ratio": 0.1730331054818389,
    "hit_rate": 0.7806464590467993,
    "avg_trade_return": 0.00641749963816559,
    "median_trade_return": 0.005008297581615341,
    "profit_factor": 9.492182830655844,
    "strategy_factor": 342.64616867776977,
    "market_factor": 2.776044517808908,
    "max_drawdown": 0.045838747049306496,
    "wf_window": 2.0
  }
}